<ImportExportXml version="9.2.23033.180" SolutionPackageVersion="9.2" languagecode="1033" generatedBy="CrmLive" xmlns:xsi="http://www.w3.org/2001/XMLSchema-instance">
  <SolutionManifest>
    <UniqueName>AssetManagement</UniqueName>
    <LocalizedNames>
      <LocalizedName description="Asset Management" languagecode="1033" />
    </LocalizedNames>
    <Descriptions />
    <Version>1.0.0.3</Version>
    <Managed>0</Managed>
    <Publisher>
      <UniqueName>Angel</UniqueName>
      <LocalizedNames>
        <LocalizedName description="Angel " languagecode="1033" />
      </LocalizedNames>
      <Descriptions />
      <EMailAddress xsi:nil="true"></EMailAddress>
      <SupportingWebsiteUrl xsi:nil="true"></SupportingWebsiteUrl>
      <CustomizationPrefix>admin</CustomizationPrefix>
      <CustomizationOptionValuePrefix>10000</CustomizationOptionValuePrefix>
      <Addresses>
        <Address>
          <AddressNumber>1</AddressNumber>
          <AddressTypeCode>1</AddressTypeCode>
          <City xsi:nil="true"></City>
          <County xsi:nil="true"></County>
          <Country xsi:nil="true"></Country>
          <Fax xsi:nil="true"></Fax>
          <FreightTermsCode xsi:nil="true"></FreightTermsCode>
          <ImportSequenceNumber xsi:nil="true"></ImportSequenceNumber>
          <Latitude xsi:nil="true"></Latitude>
          <Line1 xsi:nil="true"></Line1>
          <Line2 xsi:nil="true"></Line2>
          <Line3 xsi:nil="true"></Line3>
          <Longitude xsi:nil="true"></Longitude>
          <Name xsi:nil="true"></Name>
          <PostalCode xsi:nil="true"></PostalCode>
          <PostOfficeBox xsi:nil="true"></PostOfficeBox>
          <PrimaryContactName xsi:nil="true"></PrimaryContactName>
          <ShippingMethodCode>1</ShippingMethodCode>
          <StateOrProvince xsi:nil="true"></StateOrProvince>
          <Telephone1 xsi:nil="true"></Telephone1>
          <Telephone2 xsi:nil="true"></Telephone2>
          <Telephone3 xsi:nil="true"></Telephone3>
          <TimeZoneRuleVersionNumber xsi:nil="true"></TimeZoneRuleVersionNumber>
          <UPSZone xsi:nil="true"></UPSZone>
          <UTCOffset xsi:nil="true"></UTCOffset>
          <UTCConversionTimeZoneCode xsi:nil="true"></UTCConversionTimeZoneCode>
        </Address>
        <Address>
          <AddressNumber>2</AddressNumber>
          <AddressTypeCode>1</AddressTypeCode>
          <City xsi:nil="true"></City>
          <County xsi:nil="true"></County>
          <Country xsi:nil="true"></Country>
          <Fax xsi:nil="true"></Fax>
          <FreightTermsCode xsi:nil="true"></FreightTermsCode>
          <ImportSequenceNumber xsi:nil="true"></ImportSequenceNumber>
          <Latitude xsi:nil="true"></Latitude>
          <Line1 xsi:nil="true"></Line1>
          <Line2 xsi:nil="true"></Line2>
          <Line3 xsi:nil="true"></Line3>
          <Longitude xsi:nil="true"></Longitude>
          <Name xsi:nil="true"></Name>
          <PostalCode xsi:nil="true"></PostalCode>
          <PostOfficeBox xsi:nil="true"></PostOfficeBox>
          <PrimaryContactName xsi:nil="true"></PrimaryContactName>
          <ShippingMethodCode>1</ShippingMethodCode>
          <StateOrProvince xsi:nil="true"></StateOrProvince>
          <Telephone1 xsi:nil="true"></Telephone1>
          <Telephone2 xsi:nil="true"></Telephone2>
          <Telephone3 xsi:nil="true"></Telephone3>
          <TimeZoneRuleVersionNumber xsi:nil="true"></TimeZoneRuleVersionNumber>
          <UPSZone xsi:nil="true"></UPSZone>
          <UTCOffset xsi:nil="true"></UTCOffset>
          <UTCConversionTimeZoneCode xsi:nil="true"></UTCConversionTimeZoneCode>
        </Address>
      </Addresses>
    </Publisher>
    <RootComponents>
      <RootComponent type="1" schemaName="admin_asset" behavior="0" />
      <RootComponent type="1" schemaName="admin_assetallocation" behavior="0" />
      <RootComponent type="1" schemaName="admin_assetcheck" behavior="0" />
      <RootComponent type="1" schemaName="contact" behavior="2" />
      <RootComponent type="29" id="{0ad553e3-dfa9-ed11-aad0-6045bdac42aa}" behavior="0" />
      <RootComponent type="29" id="{158c9c32-4fa2-ed11-aad1-6045bdac42aa}" behavior="0" />
      <RootComponent type="29" id="{69ebf11d-21a2-ed11-aad1-000d3a1b9188}" behavior="0" />
      <RootComponent type="62" schemaName="admin_AssetAllocationAdmin" behavior="0" />
      <RootComponent type="80" schemaName="admin_AssetAllocationAdmin" behavior="0" />
      <RootComponent type="431" schemaName="contact admin_profilepicture" behavior="0" />
    </RootComponents>
    <MissingDependencies>
      <MissingDependency>
        <Required type="20" displayName="Model Driven App Role" solution="Active" id="{28c217bf-05a3-ed11-aad1-6045bdac42aa}" />
        <Dependent type="80" schemaName="admin_AssetAllocationAdmin" displayName="Asset Allocation Admin" />
      </MissingDependency>
      <MissingDependency>
        <Required type="60" displayName="Contact" parentDisplayName="Contact" solution="msdynce_AppCommon (9.0.4.0066)" id="{1fed44d1-ae68-4a41-bd2b-f13acac4acfa}">
          <package>msdynce_AppCommonAnchor (9.0.23033.10002)</package>
        </Required>
        <Dependent type="80" schemaName="admin_AssetAllocationAdmin" displayName="Asset Allocation Admin" />
      </MissingDependency>
      <MissingDependency>
        <Required type="61" schemaName="msdyn_/Images/AppModule_Default_Icon.png" displayName="msdyn_/Images/AppModule_Default_Icon.png" solution="AppModuleWebResources (2.5)" />
        <Dependent type="80" schemaName="admin_AssetAllocationAdmin" displayName="Asset Allocation Admin" />
      </MissingDependency>
      <MissingDependency>
        <Required type="66" schemaName="MscrmControls.CardFeedContainer.CardFeedContainer" displayName="MscrmControls.CardFeedContainer.CardFeedContainer" solution="BaseCustomControlsCore (9.0.2303.3018)" />
        <Dependent type="60" displayName="Employee" parentDisplayName="Contact" id="{e4c6a795-ffa1-ed11-aad1-000d3a1b9188}" />
      </MissingDependency>
      <MissingDependency>
        <Required type="66" schemaName="MscrmControls.FieldControls.ToggleControl" displayName="MscrmControls.FieldControls.ToggleControl" solution="BaseCustomControlsCore (9.0.2303.3018)" />
        <Dependent type="60" displayName="Information" parentDisplayName="Asset Allocation" id="{3ad8a322-eeb8-4a99-831f-7b0ccb67f5d7}" />
      </MissingDependency>
      <MissingDependency>
        <Required type="66" schemaName="MscrmControls.Rating.StarRatingControl" displayName="MscrmControls.Rating.StarRatingControl" solution="CustomControlsCore (9.2.23033.00180)" />
        <Dependent type="60" displayName="Information" parentDisplayName="Asset Check" id="{39b5a779-78a0-49f8-9004-929a01cc129e}" />
      </MissingDependency>
      <MissingDependency>
        <Required type="connectionreference" displayName="lab_sharedcommondataserviceforapps_a52eb" solution="Active" id.connectionreferencelogicalname="lab_sharedcommondataserviceforapps_a52eb" />
        <Dependent type="29" displayName="Outside Policy Approval" id="{0ad553e3-dfa9-ed11-aad0-6045bdac42aa}" />
      </MissingDependency>
      <MissingDependency>
        <Required type="connectionreference" displayName="lab_sharedcommondataserviceforapps_a52eb" solution="Active" id.connectionreferencelogicalname="lab_sharedcommondataserviceforapps_a52eb" />
        <Dependent type="29" displayName="Outside Policy Approval" id="{158c9c32-4fa2-ed11-aad1-6045bdac42aa}" />
      </MissingDependency>
    </MissingDependencies>
  </SolutionManifest>
</ImportExportXml>