{"name":"07689dee-b6f5-4fee-b386-1b0600a6e157","id":"/providers/Microsoft.Flow/flows/07689dee-b6f5-4fee-b386-1b0600a6e157","type":"Microsoft.Flow/flows","properties":{"apiId":"/providers/Microsoft.PowerApps/apis/shared_logicflows","displayName":"Leave Approval - Multiple Levels","definition":{"metadata":{"workflowEntityId":null,"processAdvisorMetadata":null,"flowChargedByPaygo":null,"flowclientsuspensionreason":"None","flowclientsuspensiontime":null,"flowclientsuspensionreasondetails":null,"creator":{"id":"6ef403c7-67c6-4e8b-bc83-42fc7a4260f4","type":"User","tenantId":"6c5efe0b-b916-4899-a793-5a4f6157f330"},"provisioningMethod":"FromDefinition","failureAlertSubscription":true,"clientLastModifiedTime":"2023-10-19T11:33:16.6365498Z","connectionKeySavedTimeKey":"2023-10-19T11:32:40.9179395Z"},"$schema":"https://schema.management.azure.com/providers/Microsoft.Logic/schemas/2016-06-01/workflowdefinition.json#","contentVersion":"1.0.0.0","parameters":{"$connections":{"defaultValue":{},"type":"Object"},"$authentication":{"defaultValue":{},"type":"SecureObject"}},"triggers":{"When_a_Leave_Request_Created":{"recurrence":{"frequency":"Minute","interval":1},"splitOn":"@triggerOutputs()?['body/value']","metadata":{"operationMetadataId":"cecabdda-ae99-4338-9939-a7b71af837f9"},"type":"OpenApiConnection","inputs":{"host":{"apiId":"/providers/Microsoft.PowerApps/apis/shared_sharepointonline","connectionName":"shared_sharepointonline","operationId":"GetOnNewItems"},"parameters":{"dataset":"https://perepaedu.sharepoint.com/sites/PowerAppsTraining","table":"fd624cee-87dc-45db-b3fa-6e38c3758207"},"authentication":"@parameters('$authentication')"},"description":"When an Item is Created"}},"actions":{"Based_on_type_of_Leave":{"runAfter":{},"cases":{"In_case_of_Sick_Leave":{"case":"Sick","actions":{"Update_item":{"runAfter":{},"metadata":{"operationMetadataId":"3a908ac7-ba1e-4e20-969f-d6df2d7f925a"},"type":"OpenApiConnection","inputs":{"host":{"apiId":"/providers/Microsoft.PowerApps/apis/shared_sharepointonline","connectionName":"shared_sharepointonline","operationId":"PatchItem"},"parameters":{"dataset":"https://perepaedu.sharepoint.com/sites/PowerAppsTraining","table":"fd624cee-87dc-45db-b3fa-6e38c3758207","id":"@triggerOutputs()?['body/ID']","item/Title":"@triggerOutputs()?['body/Title']","item/ApprovalStatus/Value":"Approved","item/CommentsbyApprover":"Sick Leave Approved"},"authentication":"@parameters('$authentication')"}},"Send_an_email_(V2)":{"runAfter":{"Update_item":["Succeeded"]},"metadata":{"operationMetadataId":"5087ac68-eda7-41c9-b73c-8cdb53be58c4"},"type":"OpenApiConnection","inputs":{"host":{"apiId":"/providers/Microsoft.PowerApps/apis/shared_office365","connectionName":"shared_office365","operationId":"SendEmailV2"},"parameters":{"emailMessage/To":"@triggerOutputs()?['body/Author/Email']","emailMessage/Subject":"Your Sick Leave Approved","emailMessage/Body":"<p>Hi @{outputs('Update_item')?['body/Author']} <br>\nYour Sick Leave &nbsp;from @{triggerOutputs()?['body/StartDate']} till @{triggerOutputs()?['body/EndDate']} is approved !<br>\n<br>\n<br>\n</p>","emailMessage/Importance":"Normal"},"authentication":"@parameters('$authentication')"}}}},"In_Case_of_Paid_Leave":{"case":"Paid","actions":{"Start_and_wait_for_an_approval":{"runAfter":{},"metadata":{"operationMetadataId":"d958d9fb-51d6-4a74-be2c-e931de0ad635"},"type":"OpenApiConnectionWebhook","inputs":{"host":{"apiId":"/providers/Microsoft.PowerApps/apis/shared_approvals","connectionName":"shared_approvals","operationId":"StartAndWaitForAnApproval"},"parameters":{"approvalType":"Basic","WebhookApprovalCreationInput/title":"@triggerOutputs()?['body/Title']","WebhookApprovalCreationInput/assignedTo":"vijay.perepa@ameetz.com","WebhookApprovalCreationInput/details":"@triggerOutputs()?['body/Title']","WebhookApprovalCreationInput/enableNotifications":true,"WebhookApprovalCreationInput/enableReassignment":true},"authentication":"@parameters('$authentication')"}},"Condition":{"actions":{"Apply_to_each":{"foreach":"@outputs('Start_and_wait_for_an_approval')?['body/responses']","actions":{"Send_an_email_(V2)_2":{"runAfter":{},"metadata":{"operationMetadataId":"09fd9a53-de57-4b6e-89ad-7668545c2b79"},"type":"OpenApiConnection","inputs":{"host":{"apiId":"/providers/Microsoft.PowerApps/apis/shared_office365","connectionName":"shared_office365","operationId":"SendEmailV2"},"parameters":{"emailMessage/To":"@triggerOutputs()?['body/Author/Email']","emailMessage/Subject":"Your Leave Request Approved","emailMessage/Body":"<p>Hi @{triggerOutputs()?['body/Author']} ,<br>\nYour Leave Approved . Please look at the Approver comments<br>\n@{items('Apply_to_each')?['comments']}</p>","emailMessage/Importance":"Normal"},"authentication":"@parameters('$authentication')"}}},"runAfter":{"Apply_to_each_3":["Succeeded"]},"metadata":{"operationMetadataId":"29807cf2-f5a3-48bd-9856-4c10ca9103d4"},"type":"Foreach"},"Apply_to_each_3":{"foreach":"@outputs('Start_and_wait_for_an_approval')?['body/responses']","actions":{"Update_item_2":{"runAfter":{},"metadata":{"operationMetadataId":"65fa4f95-3dbe-42fd-8698-78dd0ac76077"},"type":"OpenApiConnection","inputs":{"host":{"apiId":"/providers/Microsoft.PowerApps/apis/shared_sharepointonline","connectionName":"shared_sharepointonline","operationId":"PatchItem"},"parameters":{"dataset":"https://perepaedu.sharepoint.com/sites/PowerAppsTraining","table":"fd624cee-87dc-45db-b3fa-6e38c3758207","id":"@triggerOutputs()?['body/ID']","item/ApprovalStatus/Value":"Approved","item/CommentsbyApprover":"@items('Apply_to_each_3')?['comments']"},"authentication":"@parameters('$authentication')"}}},"runAfter":{},"metadata":{"operationMetadataId":"00575a8b-6faa-4c0d-8273-49e066d6f16d"},"type":"Foreach"}},"runAfter":{"Start_and_wait_for_an_approval":["Succeeded"]},"else":{"actions":{"Apply_to_each_2":{"foreach":"@outputs('Start_and_wait_for_an_approval')?['body/responses']","actions":{"Update_item_3":{"runAfter":{},"metadata":{"operationMetadataId":"59172604-fe46-4287-a074-805078de3734"},"type":"OpenApiConnection","inputs":{"host":{"apiId":"/providers/Microsoft.PowerApps/apis/shared_sharepointonline","connectionName":"shared_sharepointonline","operationId":"PatchItem"},"parameters":{"dataset":"https://perepaedu.sharepoint.com/sites/PowerAppsTraining","table":"fd624cee-87dc-45db-b3fa-6e38c3758207","id":"@triggerOutputs()?['body/ID']","item/ApprovalStatus/Value":"Rejected","item/CommentsbyApprover":"@items('Apply_to_each_2')?['comments']"},"authentication":"@parameters('$authentication')"}},"Send_an_email_(V2)_3":{"runAfter":{"Update_item_3":["Succeeded"]},"metadata":{"operationMetadataId":"b21bc806-8f66-4af4-9302-0d5124ad4b66"},"type":"OpenApiConnection","inputs":{"host":{"apiId":"/providers/Microsoft.PowerApps/apis/shared_office365","connectionName":"shared_office365","operationId":"SendEmailV2"},"parameters":{"emailMessage/To":"@triggerOutputs()?['body/Author/Email']","emailMessage/Subject":"Rejected","emailMessage/Body":"<p>Rejected</p>","emailMessage/Importance":"Normal"},"authentication":"@parameters('$authentication')"}}},"runAfter":{},"metadata":{"operationMetadataId":"797b442a-78b5-4d78-b16c-db6a7ece9c74"},"type":"Foreach"}}},"expression":{"equals":["@outputs('Start_and_wait_for_an_approval')?['body/outcome']","Approve"]},"metadata":{"operationMetadataId":"3d1480d3-9f48-46c1-b96f-5e525adefd80"},"type":"If"}}},"In_Case_of_Unplanned_Leave":{"case":"Unplanned","actions":{"Condition_2":{"actions":{"Start_and_wait_for_an_approval_2":{"runAfter":{},"metadata":{"operationMetadataId":"f22656e2-07e6-4481-857c-7916e92bf3e4"},"type":"OpenApiConnectionWebhook","inputs":{"host":{"apiId":"/providers/Microsoft.PowerApps/apis/shared_approvals","connectionName":"shared_approvals","operationId":"StartAndWaitForAnApproval"},"parameters":{"approvalType":"Basic","WebhookApprovalCreationInput/title":"@triggerOutputs()?['body/Title']","WebhookApprovalCreationInput/assignedTo":"vijay.perepa@ameetz.com;","WebhookApprovalCreationInput/enableNotifications":true,"WebhookApprovalCreationInput/enableReassignment":true},"authentication":"@parameters('$authentication')"}}},"runAfter":{},"else":{"actions":{"Start_and_wait_for_an_approval_3":{"runAfter":{},"metadata":{"operationMetadataId":"c5c69a84-b8ad-46a9-8272-c0a90f1a4aa2"},"type":"OpenApiConnectionWebhook","inputs":{"host":{"apiId":"/providers/Microsoft.PowerApps/apis/shared_approvals","connectionName":"shared_approvals","operationId":"StartAndWaitForAnApproval"},"parameters":{"approvalType":"Basic","WebhookApprovalCreationInput/title":"@triggerOutputs()?['body/Title']","WebhookApprovalCreationInput/assignedTo":"perepavijay@hotmail.com;","WebhookApprovalCreationInput/enableNotifications":true,"WebhookApprovalCreationInput/enableReassignment":true},"authentication":"@parameters('$authentication')"}}}},"expression":{"less":["@triggerOutputs()?['body/EndDate']","@addDays(triggerOutputs()?['body/StartDate'],2)"]},"metadata":{"operationMetadataId":"80395ceb-3073-43e8-bd77-fae1285e768e"},"type":"If"}}}},"default":{"actions":{}},"expression":"@triggerOutputs()?['body/TypeofLeave/Value']","metadata":{"operationMetadataId":"e5cd8d3b-de58-48fc-bcae-d951626e5535"},"type":"Switch","description":"Switch Control"}},"outputs":{}},"connectionReferences":{"shared_sharepointonline":{"connectionName":"070ee6062ef84d0f9d50b09cb45ebbd2","source":"Embedded","id":"/providers/Microsoft.PowerApps/apis/shared_sharepointonline","tier":"NotSpecified"},"shared_office365":{"connectionName":"shared-office365-ef053772-1522-4444-82dc-14dbab2e8498","source":"Embedded","id":"/providers/Microsoft.PowerApps/apis/shared_office365","tier":"NotSpecified"},"shared_approvals":{"connectionName":"6932daaea3b149c9ac90a05102b76e19","source":"Embedded","id":"/providers/Microsoft.PowerApps/apis/shared_approvals","tier":"NotSpecified"}},"flowFailureAlertSubscribed":false,"isManaged":false}}