{"name":"9a9a55fa-bfd3-42bb-8988-e56279b6edb7","id":"/providers/Microsoft.Flow/flows/9a9a55fa-bfd3-42bb-8988-e56279b6edb7","type":"Microsoft.Flow/flows","properties":{"apiId":"/providers/Microsoft.PowerApps/apis/shared_logicflows","displayName":"Flow Template with Error Handling","definition":{"metadata":{"workflowEntityId":null,"processAdvisorMetadata":null,"flowChargedByPaygo":null,"flowclientsuspensionreason":"None","flowclientsuspensiontime":null,"flowclientsuspensionreasondetails":null,"creator":{"id":"fd0c0274-dfb5-43c5-a34b-7c8c0c672d87","type":"User","tenantId":"e3ad0773-49e9-4589-a7dc-7019e60c1ec3"},"provisioningMethod":"FromDefinition","failureAlertSubscription":true,"clientLastModifiedTime":"2024-10-28T16:22:08.3275829Z","connectionKeySavedTimeKey":"2024-10-28T16:22:08.3275829Z"},"$schema":"https://schema.management.azure.com/providers/Microsoft.Logic/schemas/2016-06-01/workflowdefinition.json#","contentVersion":"1.0.0.0","parameters":{"$connections":{"defaultValue":{},"type":"Object"},"$authentication":{"defaultValue":{},"type":"SecureObject"}},"triggers":{"manual":{"metadata":{"operationMetadataId":"071f8926-0938-484c-b44f-19124489736d"},"type":"Request","kind":"Button","inputs":{"schema":{"type":"object","properties":{},"required":[]},"headersSchema":{"x-ms-user-email-encoded":{"title":"User email","type":"string","format":"byte","x-ms-dynamically-added":false}}}}},"actions":{"Try":{"actions":{"List_rows_present_in_a_table":{"runAfter":{},"metadata":{"01JW4YAGUYZO7HHSNH65H2T6NCIKEFBE5Q":"/automation/Marks update.xlsx","operationMetadataId":"4b5653f5-9bb6-4848-8ec0-7b57c8c90400","tableId":"{F44B4D24-3491-4053-A4B0-2988082973E1}"},"type":"OpenApiConnection","inputs":{"host":{"apiId":"/providers/Microsoft.PowerApps/apis/shared_excelonlinebusiness","connectionName":"shared_excelonlinebusiness","operationId":"GetItems"},"parameters":{"source":"me","drive":"b!eEenxqkxOk-r-uEc3KfxkO_coIY157BMv1uPrhcboSq7IXqBJY_cQqPLxVo39mbX","file":"01JW4YAGUYZO7HHSNH65H2T6NCIKEFBE5Q","table":"{F44B4D24-3491-4053-A4B0-2988082973E1}"},"authentication":{"value":"@json(decodeBase64(triggerOutputs().headers['X-MS-APIM-Tokens']))['$ConnectionKey']","type":"Raw"}}},"Apply_to_each":{"foreach":"@outputs('List_rows_present_in_a_table')?['body/value']","actions":{"Create_item":{"runAfter":{},"metadata":{"operationMetadataId":"12ac3bd2-b76c-4a3f-be2f-d4146cfb6c00"},"type":"OpenApiConnection","inputs":{"host":{"apiId":"/providers/Microsoft.PowerApps/apis/shared_sharepointonline","connectionName":"shared_sharepointonline","operationId":"PostItem"},"parameters":{"dataset":"https://ameetz.sharepoint.com/sites/PowerPlatformTraining-Kone","table":"73c54d84-be55-4441-a93f-c37baf21ada3","view":"a0dd932e-16fb-46c2-82aa-75fad0ad8f8a","item/Title":"@items('Apply_to_each')?['First Name']","item/LastName":"@items('Apply_to_each')?['Last Name']","item/Subject":"@items('Apply_to_each')?['Subject']","item/Marks":"@int(items('Apply_to_each')?['Score'])"},"authentication":{"value":"@json(decodeBase64(triggerOutputs().headers['X-MS-APIM-Tokens']))['$ConnectionKey']","type":"Raw"}}}},"runAfter":{"List_rows_present_in_a_table":["Succeeded"]},"metadata":{"operationMetadataId":"cca73541-7ea6-4869-a54c-07ac99aa35ae"},"type":"Foreach"}},"runAfter":{},"metadata":{"operationMetadataId":"94aa58d9-5646-4b3f-bc26-744f3b78df2d"},"type":"Scope"},"Catch":{"actions":{"Filter_array":{"runAfter":{},"metadata":{"operationMetadataId":"53f96066-3db2-47f2-8732-2b2059105501"},"type":"Query","inputs":{"from":"@result('Try')","where":"@or(equals(item()?['Status'], 'Failed'), equals(item()?['Status'], 'TimedOut'))"}},"Create_HTML_Table_":{"runAfter":{"Filter_array":["Succeeded"]},"metadata":{"operationMetadataId":"57ef8af9-ba21-467b-8e7c-fc44e542b8ec"},"type":"Table","inputs":{"from":"@body('Filter_array')","format":"HTML","columns":[{"header":"Action","value":"@item()?['name']"},{"header":"Status","value":"@item()?['Status']"},{"header":"ErrorMessage","value":"@item()?['error']?['message']"}]}},"Send_an_email":{"runAfter":{"Create_HTML_Table_":["Succeeded"]},"metadata":{"operationMetadataId":"eade010a-fb0f-445d-8e9b-af5221d324e3"},"type":"OpenApiConnection","inputs":{"host":{"apiId":"/providers/Microsoft.PowerApps/apis/shared_office365","connectionName":"shared_office365","operationId":"SendEmailV2"},"parameters":{"emailMessage/To":"@triggerOutputs()['headers']['x-ms-user-email-encoded']","emailMessage/Subject":"Flow Failed!","emailMessage/Body":"<style>\ntable, td, th {  \n  border: 1px solid #ddd;\n  text-align: left;\n}\n\ntable {\n  border-collapse: collapse;\n  width: 100%;\n}\n\nth, td {\n  padding: 15px;\n}\n</style>\n<p>@{body('Create_HTML_Table_')}</p>\n<a href='@{concat('https://make.powerautomate.com/environments/', workflow()?['tags']['environmentName'], '/flows/', workflow()?['name'], '/runs/', workflow()?['run']['name'])}'>🧐Check flow Run</a>","emailMessage/Importance":"Normal"},"authentication":{"value":"@json(decodeBase64(triggerOutputs().headers['X-MS-APIM-Tokens']))['$ConnectionKey']","type":"Raw"}}},"Terminate":{"runAfter":{"Send_an_email":["Succeeded"]},"metadata":{"operationMetadataId":"2f9a2cf9-bad8-4c87-9a2f-e27b1239a1b3"},"type":"Terminate","inputs":{"runStatus":"Failed"}}},"runAfter":{"Try":["Failed"]},"metadata":{"operationMetadataId":"0e9c997c-1e70-4ff3-bb65-d1ec010922a9"},"type":"Scope"}}},"connectionReferences":{"shared_excelonlinebusiness":{"connectionName":"shared-excelonlinebu-1d971666-e6a9-41af-9423-05d76f7a26ea","source":"Invoker","id":"/providers/Microsoft.PowerApps/apis/shared_excelonlinebusiness","tier":"NotSpecified"},"shared_office365":{"connectionName":"shared-office365-291285c6-e14b-4b0e-8936-06e59dd73cc0","source":"Invoker","id":"/providers/Microsoft.PowerApps/apis/shared_office365","tier":"NotSpecified"},"shared_sharepointonline":{"connectionName":"shared-sharepointonl-6b4a9d4b-7965-4baf-b0e5-e06ebbfe4f29","source":"Invoker","id":"/providers/Microsoft.PowerApps/apis/shared_sharepointonline","tier":"NotSpecified"}},"flowFailureAlertSubscribed":false,"isManaged":false}}